,question,correct_answer,task,step,participant_id,created_at,acceptable,reasoning,qa_id
0,Wie beendet man das Naehen von elastischen Stoffen?,"Den Nähfuß mit dem Nähfußhebel anheben, dann das Stoffstück zur linken Seite wegziehen.
Sollte der Stoff spannen, das Handrad drehen, um die Spannung zu lösen und das Wegziehen des Stoffstücks zu erleichtern.
Dann die Fäden mit dem integrierten Fadenschneider der Maschine abschneiden.",Elastische Stoffe (Richtig),Abschluss (2):,666385ac665424f2b86186cd,2024-06-14T15:42:09.053625+00:00,True,['KNOWLEDGE'],1
1,Zu welcher Seite sollte man elastische Stoffe zum Abschluss wegziehen?,Das Stoffstück sollte zur linken Seite weggezogen werden.,Elastische Stoffe (Richtig),Abschluss (2):,666385ac665424f2b86186cd,2024-06-14T15:43:55.197817+00:00,True,['SPATIAL'],2
2,"Was sollte man tun, wenn beim Wegziehen elastischer Stoffe der Stoff spannt?","Sollte der Stoff spannen, sollte man das Handrad drehen, um die Spannung zu lösen und das Wegziehen des Stoffstücks zu erleichtern.",Elastische Stoffe (Richtig),Abschluss (2):,666385ac665424f2b86186cd,2024-06-14T15:45:18.352056+00:00,True,['KNOWLEDGE'],3
3,"Ist es ok, beim Aufspulen vorhandene Reste alten Fadens verbleiben zu lassen?",Vorhandene Reste alten Fadens sollten von der Unterspule entfernt werden.,Aufspulen,Fadenentfernung: ,666385ac665424f2b86186cd,2024-06-14T15:47:39.175585+00:00,False,,4
4,Wie entferne ich vorhandene Reste des alten Fadens von der Unterspule vor erneutem Aufspulen?,Vorhandene Reste alten Fadens koennen durch Abziehen von der Unterspule entfernt werden.,Aufspulen,Fadenentfernung: ,666385ac665424f2b86186cd,2024-06-14T15:49:09.095136+00:00,False,,5
5,Wie entferne ich Reste alten Fadens von der Unterspule?,Vorhandene Reste alten Fadens von der Unterspule koennen zur Abziehen entfernt werden.,Aufspulen,Fadenentfernung: ,666385ac665424f2b86186cd,2024-06-14T15:50:36.663084+00:00,False,,6
6,Wann wird der Spulvorgang beendet?,Der Spulvorgang wird beendet BEVOR der Faden über den Spulenrand hinausragt.,Aufspulen,Beendigung des Spulvorgangs:,6153963f97c84ce267a3d5fc,2024-06-14T15:51:36.478964+00:00,True,['TEMPORAL'],7
7,Kann ich elastische Stoffe am Nahtanfang durch Vor und Zurücknähen sichern?,"Nein, Vor und Zurücknähen elastischer Stoffe verursacht dass der Stoff von der Maschine eingezogen wird.",Elastische Stoffe (Falsch),Vernähen:,666385ac665424f2b86186cd,2024-06-14T15:53:14.678206+00:00,True,['KNOWLEDGE'],8
8,Was passiert nach dem Spulvorgang?,Nach dem Spulvorgang wird der Spulwickelstift der Unterspule nach links in die Ausgangsposition geschoben.,Aufspulen,Beendigung des Spulvorgangs:,6153963f97c84ce267a3d5fc,2024-06-14T15:53:37.498464+00:00,True,"['SPATIAL', 'TEMPORAL']",9
9,Sollte ich beim Nahtanfang elastischer Stoffe durch Vor und Zurücknähen sichern?,"Nein, Vor und Zurücknähen elastischer Stoffe verursacht Einzug des Stoffes.",Elastische Stoffe (Falsch),Vernähen:,666385ac665424f2b86186cd,2024-06-14T15:55:09.565554+00:00,True,['KNOWLEDGE'],10
10,Was ist beim Aufspulen zu beachten?,Der Füllstand der Unterspule muss kontinuierlich überwacht werden.,Aufspulen,Beendigung des Spulvorgangs:,6153963f97c84ce267a3d5fc,2024-06-14T15:55:43.969590+00:00,True,['KNOWLEDGE'],11
11,Sollte ich beim Nahtanfang Vor und Zurücknähen Vor und Zurücknähen?,"Nein, Vor und Zurücknähen Vor und Zurücknähen ist nicht empfehlenswert.",Elastische Stoffe (Falsch),Vernähen:,666385ac665424f2b86186cd,2024-06-14T15:56:35.068369+00:00,True,['KNOWLEDGE'],12
12,In welche Richtung wird die Unterspule eingesetzt?,"Bei horizontalem Spulenkorb: Fadenrichtung gegen den Uhrzeigersinn.
Bei vertikalem Spulenkorb: Fadenrichtung im Uhrzeigersinn.",Einfädeln Unterspule,Einsetzen der Unterspule: ,6153963f97c84ce267a3d5fc,2024-06-14T15:59:03.653433+00:00,True,"['KNOWLEDGE', 'SPATIAL']",13
13,Wie schneide ich zum Abschluss die Fäden?,Die Fäden koennen zum Abschluss mit dem integrierten Fadenschneider der Maschine abgeschnitten werden.,Elastische Stoffe (Falsch),Abschluss (1):,666385ac665424f2b86186cd,2024-06-14T15:59:23.875492+00:00,False,,14
14,Was passiert nach dem Aufspulen der Unterspule?,Die Unterspule wird in den Spulenkorb eingesetzt.,Einfädeln Unterspule,Einsetzen der Unterspule: ,6153963f97c84ce267a3d5fc,2024-06-14T15:59:47.497806+00:00,True,['TEMPORAL'],15
15,Was mache ich zum Abschluss mit dem Nähfuß?,Den Nähfuß muss zum Abschluss mit dem Nähfußhebel angehoben werden.,Elastische Stoffe (Falsch),Abschluss (1):,666385ac665424f2b86186cd,2024-06-14T16:00:39.004412+00:00,True,['KNOWLEDGE'],16
16,Was muss beim Einsetzen der Unterspule beachtet werden?,Beim Einsetzen der Unterspule muss die korrekte Fadenrichtung beachtet werden. Hierzu den Markierungen auf der Maschine folgen.,Einfädeln Unterspule,Einsetzen der Unterspule: ,6153963f97c84ce267a3d5fc,2024-06-14T16:01:16.984244+00:00,True,['KNOWLEDGE'],17
17,Wie erleichtere ich das Wegziehen des Stoffstücks wenn zuviel Spannung darauf ist?,"Sollte der Stoff spannen, das Handrad drehen, um die Spannung zu lösen und das Wegziehen des Stoffstücks zu erleichtern.",Elastische Stoffe (Falsch),Abschluss (1):,666385ac665424f2b86186cd,2024-06-14T16:02:02.730215+00:00,True,['KNOWLEDGE'],18
18,"Stimmt es, dass ich elastische Stoffe nicht vernähen sollte?","Korrekt, bei elastischen Stoffen sollte auf das Vernähen des Nahtbeginns verzichtet werden.",Elastische Stoffe (Richtig),Nähen:,666385ac665424f2b86186cd,2024-06-14T16:03:40.700780+00:00,False,,19
19,Was geschieht nach dem Nähvorgang?,Zuerst wird der Nähfuß mit dem Nähfußhebel angehoben.,Geradeausstich,Abschluss:,6153963f97c84ce267a3d5fc,2024-06-14T16:04:24.723743+00:00,True,['TEMPORAL'],20
20,Wie beginne ich elastische Stoffe?,"Durch Betätigen des Fußpedals mit dem Nähen beginnen ohne Vernähen des Nahtbeginns.
Die Naht bis zum gewünschten Ende vorwärts nähen.",Elastische Stoffe (Richtig),Nähen:,666385ac665424f2b86186cd,2024-06-14T16:04:46.432362+00:00,True,['KNOWLEDGE'],21
21,Wie wird der Stoff von der Maschine entfernt?,Der Stoff wird zur linken Seite weggezogen.,Geradeausstich,Abschluss:,6153963f97c84ce267a3d5fc,2024-06-14T16:05:15.679032+00:00,True,['SPATIAL'],22
22,"Was ist zu tun, wenn der Stoff sich nicht nach links ziehen lässt?","Das Handrad wird gedreht, um die Spannung zu lösen.",Geradeausstich,Abschluss:,6153963f97c84ce267a3d5fc,2024-06-14T16:06:05.583065+00:00,True,['KNOWLEDGE'],23
23,Kann ich elastische Stoffe zum Nahtbeginn vernähen?,"Nein, bei elastischen Stoffen sollte auf Vernähen des Nahtbeginns verzichtet werden.",Elastische Stoffe (Richtig),Nähen:,666385ac665424f2b86186cd,2024-06-14T16:06:27.525467+00:00,False,,24
24,Was passiert nach dem Einlegen der Unterspule?,Nach dem Einlegen der Unterspule wird die Spulenabdeckung geschlossen.,Einfädeln Unterspule,Schließen der Spulenabdeckung:,6153963f97c84ce267a3d5fc,2024-06-14T16:07:15.932543+00:00,True,['TEMPORAL'],25
25,Was ist beim Schließen der Spulenabdeckung zu beachten?,Beim Schließen der Spulenabdeckung ist die korrekte Fadenführung aus dem Spulenkorb heraus zu beachten.,Einfädeln Unterspule,Schließen der Spulenabdeckung:,6153963f97c84ce267a3d5fc,2024-06-14T16:08:20.854083+00:00,True,['KNOWLEDGE'],26
26,Wie wird der Spulenkorb geschlossen?,"Der Spulenkorb wird geschlossen, indem die Abdeckung korrekt aufgesetzt wird.",Einfädeln Unterspule,Schließen der Spulenabdeckung:,6153963f97c84ce267a3d5fc,2024-06-14T16:10:03.460790+00:00,False,,27
27,Was passiert nach dem Nähen mit elastischen Stoffen?,Zuerst wird der Nähfuß mit dem Nähfußhebel angehoben.,Elastische Stoffe (Richtig),Abschluss (2):,6153963f97c84ce267a3d5fc,2024-06-14T16:11:40.801083+00:00,True,['TEMPORAL'],28
28,"Was ist zu tun, wenn der Stoff sich nicht nach links wegziehen lässt?","Um die Spannung zu lösen, wird das Handrad gedreht.",Elastische Stoffe (Richtig),Abschluss (2):,6153963f97c84ce267a3d5fc,2024-06-14T16:12:44.561099+00:00,True,['KNOWLEDGE'],29
29,Was passiert nach dem Wegziehen des Stoffstückes?,Die Fäden werden mit dem integrierten Fadenschneider durchtrennt.,Elastische Stoffe (Richtig),Abschluss (2):,6153963f97c84ce267a3d5fc,2024-06-14T16:13:47.184803+00:00,True,['TEMPORAL'],30
30,Wo positioniere ich den Startpunkt der Naht?,Den Startpunkt der Naht positioniere ich unter der Nadel.,Elastische Stoffe (Richtig),Vorbereitung (1):,60915a5ad91c6f5cdcb5cf9f,2024-06-14T16:32:55.386804+00:00,True,['SPATIAL'],31
31,Wie senke ich den Nähfuß ab?,Den Nähfuß senke ich ich mit Hilfe des Nähfußhebels ab.,Elastische Stoffe (Richtig),Vorbereitung (1):,60915a5ad91c6f5cdcb5cf9f,2024-06-14T16:34:53.020567+00:00,True,['KNOWLEDGE'],32
32,"Welche Vorrichtung muss ich benutzen, um die Nadel manuell in den Stoff zu stechen?",Ich drehe das Handrad in Nutzerrichtung.,Elastische Stoffe (Richtig),Vorbereitung (1):,60915a5ad91c6f5cdcb5cf9f,2024-06-14T16:36:52.420416+00:00,True,['KNOWLEDGE'],33
33,Wie führe ich den Faden?,Entsprechend den auf der Nähmaschine angegebenen Markierungen oder Anleitungen.,Aufspulen,Fadenführung: ,60915a5ad91c6f5cdcb5cf9f,2024-06-14T16:39:57.626690+00:00,True,['KNOWLEDGE'],34
34,Was mache ich mit dem Faden?,"Ich schneide in ab, um die gewünschte Länge zu erhalten.",Aufspulen,Fadenführung: ,60915a5ad91c6f5cdcb5cf9f,2024-06-14T16:41:44.110777+00:00,False,,35
35,"Wie ziehe ich den Faden lang, um ihn abzuschneiden?","Ich ziehe ihn mit der rechten Hand lang und halte ihn dann mit der linken Hand fest, um den Faden abzuschneiden",Aufspulen,Fadenführung: ,60915a5ad91c6f5cdcb5cf9f,2024-06-14T16:45:13.197049+00:00,False,,36
36,"Mit welcher Hand schiebe ich den Stoff hauptsächlich vorwärts, um die Naht zu nähen?",Hauptsächlich mit der linken Hand.,Elastische Stoffe (Falsch),Nähen:,60915a5ad91c6f5cdcb5cf9f,2024-06-14T16:47:45.367181+00:00,True,['SPATIAL'],37
37,In welche Richtung wird die Naht genäht?,Die Naht wird vorwärts genäht.,Elastische Stoffe (Falsch),Nähen:,60915a5ad91c6f5cdcb5cf9f,2024-06-14T16:49:14.257839+00:00,False,,38
38,wie bringe ich den fadnheber auf die höchste position,Durch das manuelle drehen des Handrads bringt man fadnheber auf die höchste position,Einfädeln Oberspule,Führung des Oberfadens:,604b169fe4b7991ec08da3a6,2024-06-14T16:51:02.961472+00:00,True,['KNOWLEDGE'],39
39,Wird auf das Vernähen des Nahtbeginns verzichtet,Auf das Vernähen des Nahtbeginns wird verzichtet.,Elastische Stoffe (Falsch),Nähen:,60915a5ad91c6f5cdcb5cf9f,2024-06-14T16:52:23.172628+00:00,True,['KNOWLEDGE'],40
40,Wie wird der Oberfaden von der spule bis zum Nähfuß geführt,Der Oberfaden wird von der Spule bis zum Nähfuß entsprechend den Markierungen auf der Maschine durch die vorgegebenen Fadenführungen geleitet,Einfädeln Oberspule,Führung des Oberfadens:,604b169fe4b7991ec08da3a6,2024-06-14T16:54:32.729743+00:00,True,['KNOWLEDGE'],41
41,"Wie wird der Oberfaden zuletzt eingefädelt, wenn eine Einfädelhilfe vorhanden ist","der Oberfaden wird durch die Einfädelhilfe am Nähfuß geleitet, sofern eine solche vorhanden ist.",Einfädeln Oberspule,Führung des Oberfadens:,604b169fe4b7991ec08da3a6,2024-06-14T16:55:36.601421+00:00,False,,42
42,Auf welche Stichbreite wird das Stichbreiteneinstellrad für den Geradeausstich gesetzt?,Die Stichbreite am Stichbreiteneinstellrad für den Geradeaus-Stich wird auf 00 mm gesetzt.,Elastische Stoffe (Falsch),Maschineneinstellungen:,60915a5ad91c6f5cdcb5cf9f,2024-06-14T16:57:36.690522+00:00,True,['KNOWLEDGE'],43
43,Wie wird der Nähfuß angehoben,Der Nähfuß wird mit dem Nähfußhebel angehoben,Elastische Stoffe (Richtig),Vorbereitung (2):,604b169fe4b7991ec08da3a6,2024-06-14T16:58:48.922583+00:00,True,['KNOWLEDGE'],44
44,Wie wird die Nadel manuel in den Stoff eingestochen,"das Handrad wird in Nutzerrichtung gedreht, um die Nadel manuell in den Stoff einzustechen.",Elastische Stoffe (Richtig),Vorbereitung (2):,604b169fe4b7991ec08da3a6,2024-06-14T17:00:43.936807+00:00,True,['SPATIAL'],45
45,Auf Länge wird der Stich am Stichlängeneinstellrad eingestellt?,Die Stichlänge am Stichlängeneinstellrad wird auf 3mm eingestellt.,Elastische Stoffe (Falsch),Maschineneinstellungen:,60915a5ad91c6f5cdcb5cf9f,2024-06-14T17:00:44.328495+00:00,True,['KNOWLEDGE'],46
46,"Wo sollte die bereits genähte Naht positioniert werden, bevor der Nähfuß abgesenkt wird?",Die bereits genähte Naht sollte etwa 1 cm vor dem Nahtende unter der Nadel positioniert werden.,Elastische Stoffe (Richtig),Vorbereitung (2):,604b169fe4b7991ec08da3a6,2024-06-14T17:02:04.680967+00:00,True,['SPATIAL'],47
47,"Wo wird die Oberspule platziert, bevor mit dem Aufspulen begonnen wird?",Die Oberspule wird auf dem dafür vorgesehenen Spulenstift platziert.,Aufspulen,Vorbereitung der Spulen: ,604b169fe4b7991ec08da3a6,2024-06-14T17:04:29.323461+00:00,True,['KNOWLEDGE'],48
48,Wie wird die Stichart auf Geradeaus-Stich gesetzt?,Die Stichart wird mithilfe des Stichauswahlrades auf Geradeaus-Stich gesetzt.,Elastische Stoffe (Falsch),Maschineneinstellungen:,60915a5ad91c6f5cdcb5cf9f,2024-06-14T17:05:20.159175+00:00,True,['KNOWLEDGE'],49
49,"Welche Maßnahme wird ergriffen, um zu verhindern, dass die Oberspule während des Aufspulens wackelt","Ein geeigneter Spulenhalter wird auf dem Stift befestigt, um zu verhindern, dass die Oberspule während des Aufspulens wackelt.",Aufspulen,Vorbereitung der Spulen: ,604b169fe4b7991ec08da3a6,2024-06-14T17:06:27.569014+00:00,True,['KNOWLEDGE'],50
50,Wie wird die leere Unterspule für das Aufspulen vorbereitet?,Die leere Unterspule wird auf den Spulenwikelstift gesetzt.,Aufspulen,Vorbereitung der Spulen: ,604b169fe4b7991ec08da3a6,2024-06-14T17:08:13.633925+00:00,True,['KNOWLEDGE'],51
51,Was muss man bei der Durchführung des Fadens beachten?,Man muss die korrekte Durchführung des Fadens aus dem Spulenkorb heraus beachten.,Einfädeln Unterspule,Schließen der Spulenabdeckung:,60915a5ad91c6f5cdcb5cf9f,2024-06-14T17:10:07.468185+00:00,False,,52
52,Wie wird der Stoff vom Nähfuß entferntt,Der Nähfuß wird mit dem Nähfußhebel angehoben und das Stoffstück zur linken Seite weggezogen,Elastische Stoffe (Falsch),Abschluss (2):,604b169fe4b7991ec08da3a6,2024-06-14T17:10:16.908670+00:00,False,,53
53,Was muss man zum Einfädeln der Unterspule schließen?,Man muss die Spulenabdeckung schließen.,Einfädeln Unterspule,Schließen der Spulenabdeckung:,60915a5ad91c6f5cdcb5cf9f,2024-06-14T17:11:39.364683+00:00,False,,54
54,"Was sollte getan werden, wenn der Stoff beim Wegziehen spannt?","Das Handrad sollte gedreht werden, um die Spannung zu lösen und das Wegziehen des Stoffstücks zu erleichtern.",Elastische Stoffe (Falsch),Abschluss (2):,604b169fe4b7991ec08da3a6,2024-06-14T17:12:27.462549+00:00,True,['KNOWLEDGE'],55
55,Was muss man zum Einfädeln der Unterspule schließen?,Man muss die Spulenabdeckung schließen.,Einfädeln Unterspule,Schließen der Spulenabdeckung:,60915a5ad91c6f5cdcb5cf9f,2024-06-14T17:13:33.076982+00:00,False,,56
56,Wie werden die Fäden nach dem Nähen abgeschnitten?,Die Fäden werden mit dem integrierten Fadenschneider der Maschine abgeschnitten.,Elastische Stoffe (Falsch),Abschluss (2):,604b169fe4b7991ec08da3a6,2024-06-14T17:14:47.055388+00:00,True,['KNOWLEDGE'],57
57,Was ist der erste Schritt nach dem Aufspulen des Fadens auf die Unterspule,"Der erste Schritt ist, die Unterspule abzunehmen.",Aufspulen,Fadenabschneiden:,604b169fe4b7991ec08da3a6,2024-06-14T17:16:30.819404+00:00,False,,58
58,Wie wird der Faden nach dem Aufspulen abgeschnitten?,Der Faden wird mit dem integrierten Fadenschneider der Maschine abgeschnitten,Aufspulen,Fadenabschneiden:,604b169fe4b7991ec08da3a6,2024-06-14T17:18:07.106456+00:00,True,['KNOWLEDGE'],59
59,"Warum ist es wichtig, den Faden nach dem Abnehmen der Unterspule abzuschneiden?","Es ist wichtig, den Faden abzuschneiden, um eine ordentliche Spule zu haben und um sicherzustellen, dass der Faden nicht verheddert oder Probleme beim Nähen verursacht.",Aufspulen,Fadenabschneiden:,604b169fe4b7991ec08da3a6,2024-06-14T17:21:33.934501+00:00,False,,60
60,In welche Richtung muss man das Handrad drehen um die Nadel abzusenken?,Das Handrard muss in Nutzerrichtung gedreht werden.,Elastische Stoffe (Falsch),Vorbereitung (2):,5e5b7eee4989f13610bb461b,2024-06-14T19:11:39.534933+00:00,True,['SPATIAL'],61
61,Womit wird der Nähfuß abgesenkt?,Mit dem Nähfußhebel.,Elastische Stoffe (Falsch),Vorbereitung (2):,5e5b7eee4989f13610bb461b,2024-06-14T19:13:03.595943+00:00,True,['KNOWLEDGE'],62
62,Wo muss man den Startpunkt der Naht positionieren?,unter der Nadel.,Elastische Stoffe (Falsch),Vorbereitung (2):,5e5b7eee4989f13610bb461b,2024-06-14T19:14:02.783037+00:00,True,['KNOWLEDGE'],63
63,Wie sollte man das Probe-Stoffstück unter dem Nähfuß platzieren?,"So, dass die Nadedel beim Nähen einmal in den Stoff und einmal knapp daneben sticht",Versäubern,Versäubern:,5e5b7eee4989f13610bb461b,2024-06-14T19:17:10.943406+00:00,True,['KNOWLEDGE'],64
64,In welche Richtung muss das Handrad gedreht werden um die Nadel manuell in den Stoff einzustechen? ,Das Handrard muss in Nutzerrichtig gedreht werden.,Versäubern,Versäubern:,5e5b7eee4989f13610bb461b,2024-06-14T19:19:52.451843+00:00,True,['SPATIAL'],65
65,Was sollte man beim Führen des Stoffs sicherstellen?,Dass die Nadel in der gewünschten Wechselposition ziwschen Stoff und Kantenrand sticht.,Versäubern,Versäubern:,5e5b7eee4989f13610bb461b,2024-06-14T19:23:44.747489+00:00,True,['KNOWLEDGE'],66
66,Wie entfernt man eventuell vorhandene Reste des alten Fadens von der Unterspule?,Man nimmt den Rest vom Faden und zieht ihn vorsichtig von der Unterspule ab.,Aufspulen,Fadenentfernung: ,5e5b7eee4989f13610bb461b,2024-06-14T19:25:33.699480+00:00,False,,67
67,Was wird mit den entfernten Resten von der Unterspule gemacht?,Man kann sie entsorgen.,Aufspulen,Fadenentfernung: ,5e5b7eee4989f13610bb461b,2024-06-14T19:26:41.776498+00:00,True,['KNOWLEDGE'],68
68,Was sollte man am Ende noch mit der Unterspule machen?,In die Ausgangsposition drehen.,Aufspulen,Fadenentfernung: ,5e5b7eee4989f13610bb461b,2024-06-14T19:27:47.357344+00:00,False,,69
69,Worauf sollte man beim Aufspuhlen achten?,Dass man den Faden leicht zwischen Daumen und Zeigefinger vor der Unterspule führt.,Aufspulen,Fadenführung während des Spulens (optional): ,5e5b7eee4989f13610bb461b,2024-06-14T19:29:25.159322+00:00,True,['KNOWLEDGE'],70
70,"Wie stark sollte man an dem Faden ziehen, um eine gleichmäßgie Wicklung zu erzielen?",Man sollte den Faden nicht zu straff ziehen?,Aufspulen,Fadenführung während des Spulens (optional): ,5e5b7eee4989f13610bb461b,2024-06-14T19:30:39.024759+00:00,True,['KNOWLEDGE'],71
71,Was macht man sobald man den Faden aufgespult hat?,Die Hände vorsichtig wieder von der Maschine entfernen.,Aufspulen,Fadenführung während des Spulens (optional): ,5e5b7eee4989f13610bb461b,2024-06-14T19:32:03.622578+00:00,False,,72
72,Womit wird der Nähfuß angehoben?,Mit dem Nähfußhebel.,Einfädeln Unterspule,Entfernung der Spulenabdeckung:,5e5b7eee4989f13610bb461b,2024-06-14T19:32:39.931181+00:00,True,['KNOWLEDGE'],73
73,Womit wird die Spulenabdeckung entriegelt?,Mithilfe des entsprechenenden Hebels.,Einfädeln Unterspule,Entfernung der Spulenabdeckung:,5e5b7eee4989f13610bb461b,2024-06-14T19:33:10.037027+00:00,True,['KNOWLEDGE'],74
74,Wozu muss man die Spulenabdeckung öffnen?,Um Zugang zum Spulenkorb zu erhalten.,Einfädeln Unterspule,Entfernung der Spulenabdeckung:,5e5b7eee4989f13610bb461b,2024-06-14T19:33:51.301878+00:00,True,['KNOWLEDGE'],75
75,Warum wird zu Beginn der Naht ein Stück rückwärts genäht?,Damit der Anfang der Naht gesichert wird und nicht wieder aufgeht.,Geradeausstich,Nähen:,5f5494aa76d6147f7ca89533,2024-06-17T17:27:22.561663+00:00,True,['KNOWLEDGE'],76
76,Ist die Sicherung der Naht durch Rückwärtsnähen nur zu Beginn der Naht notwendig?,"Nein, auch am Ende der Naht muss der Vorgang wiederholt werden, damit der Abschluss der Naht gesichert wird.",Geradeausstich,Nähen:,5f5494aa76d6147f7ca89533,2024-06-17T17:28:41.727039+00:00,True,['KNOWLEDGE'],77
77,Wie wechselt man zwischen dem Vorwärts- und Rückwärtsnähen?,Durch die Betätigung eines Knopfes oder Hebels an der Nähmaschine.,Geradeausstich,Nähen:,5f5494aa76d6147f7ca89533,2024-06-17T17:29:55.472183+00:00,True,['KNOWLEDGE'],78
78,Warum muss vor dem Beginn des Nähens der Nähfuß angehoben werden?,Damit sich das Stoffstück problemlos unter den Nähfuß schieben lässt.,Geradeausstich,Vorbereitung:,5f5494aa76d6147f7ca89533,2024-06-17T17:32:02.497884+00:00,True,['KNOWLEDGE'],79
79,An welcher Seite des Nähfußes muss der Rand des Stoffstückes für die gewünschte Nahtzugabe ausgerichtet werden?,An der rechten Seite des Nähfußes.,Geradeausstich,Vorbereitung:,5f5494aa76d6147f7ca89533,2024-06-17T17:33:35.278573+00:00,True,['SPATIAL'],80
80,Wie funktioniert das Anheben und Absenken des Nähfußes?,Durch Betätigung des Nähfußhebels.,Geradeausstich,Vorbereitung:,5f5494aa76d6147f7ca89533,2024-06-17T17:34:45.320346+00:00,True,['KNOWLEDGE'],81
81,"Welcher besondere Stich wird bei elastischen Stoffen angewandt, um ein Reißen der Naht zu verhindern?",Der Zickzack-Stich.,Elastische Stoffe (Richtig),Abschluss (1):,5f5494aa76d6147f7ca89533,2024-06-17T17:37:14.551094+00:00,True,['KNOWLEDGE'],82
82,"Was kann getan werden, wenn ein elastischer Stoff nach dem Nähen spannt?","Beim Wegziehen des Stoffes zur linken Seite kann das Handrad betätigt werden, um die Spannung zu lösen und ein leichteres Wegziehen zu ermöglichen.",Elastische Stoffe (Richtig),Abschluss (1):,5f5494aa76d6147f7ca89533,2024-06-17T17:39:16.891292+00:00,True,['KNOWLEDGE'],83
83,Wie sollten die überschüssigen Fäden des Werkstückes entfernt werden?,Durch Verwendung des integrierten Fadenschneiders der Nähmaschine.,Elastische Stoffe (Richtig),Abschluss (1):,5f5494aa76d6147f7ca89533,2024-06-17T17:41:10.395215+00:00,True,['KNOWLEDGE'],84
84,Wie wird der Vorgang des Aufspulens gestartet?,Man muss den Spulenwickelstift der Unterspule nach rechts drücken.,Aufspulen,Spulvorgang starten: ,5f5494aa76d6147f7ca89533,2024-06-17T17:44:02.216323+00:00,True,"['KNOWLEDGE', 'SPATIAL']",85
85,Mit welchem Teil der Nähmaschine wird das eigentliche Aufspulen gestartet?,Mit dem Fußpedal.,Aufspulen,Spulvorgang starten: ,5f5494aa76d6147f7ca89533,2024-06-17T17:44:49.066192+00:00,True,['KNOWLEDGE'],86
86,"Kann es vorkommen, dass mehr als ein Schritt zur Aktivierung des Spulvorgangs nötig ist?","Ja, abhängig von der Art der Nähmaschine muss gegebenfalls ein weiterer Hebel betätigt werden.",Aufspulen,Spulvorgang starten: ,5f5494aa76d6147f7ca89533,2024-06-17T17:46:05.144739+00:00,True,['KNOWLEDGE'],87
87,Was muss vor dem Einfädeln der Oberspule als erster Schritt erfolgen?,"Der Nähfuß muss angehoben werden, damit die Fadenspannung gelöst wird.",Einfädeln Oberspule,Einfädeln der Nadel:,5f5494aa76d6147f7ca89533,2024-06-17T17:48:50.477401+00:00,True,['TEMPORAL'],88
88,Wie kann man sich das Einfädeln in das Nadelöhr erleichtern?,"Den Faden mit einer Schere sauber abschneiden, damit das Fadenende nicht ausgefranst ist.",Einfädeln Oberspule,Einfädeln der Nadel:,5f5494aa76d6147f7ca89533,2024-06-17T17:49:50.032365+00:00,True,['KNOWLEDGE'],89
89,In welche Richtung muss der Faden in das Nadelöhr eingeführt werden?,Von vorne nach hinten.,Einfädeln Oberspule,Einfädeln der Nadel:,5f5494aa76d6147f7ca89533,2024-06-17T17:50:50.473732+00:00,True,"['KNOWLEDGE', 'SPATIAL']",90
90,Auf welche Stichart wird die Maschine eingestellt?,Sie wird auf den Zickzack-Stich gesetzt.,Elastische Stoffe (Richtig),Maschineneinstellungen:,5b648251bd56550001bf31fd,2024-06-17T17:58:05.912976+00:00,False,,91
91,Auf welcher Seite öffnet man die Spulenabdeckung?,Auf der rechten Seite,Einfädeln Unterspule,Entfernung der Spulenabdeckung:,5c9fd46cfd19090012b4ac8b,2024-06-17T18:16:31.600682+00:00,True,['SPATIAL'],92
92,Welche Farbe hat die Spulenabdeckung?,Die Spulenabdeckung ist transparent.,Einfädeln Unterspule,Entfernung der Spulenabdeckung:,5c9fd46cfd19090012b4ac8b,2024-06-17T18:36:15.869215+00:00,True,['PERCEPTION'],93
93,In welcher Position muss sich der Nähfuß befinden?,Der Nähfuß muss angehoben werden.,Einfädeln Unterspule,Entfernung der Spulenabdeckung:,5c9fd46cfd19090012b4ac8b,2024-06-17T18:41:01.827415+00:00,False,,94
94,Auf welcher Seite wird die Spulenabdeckung als erstes eingehakt?,Auf der linken Seite,Einfädeln Unterspule,Schließen der Spulenabdeckung:,5c9fd46cfd19090012b4ac8b,2024-06-17T18:44:49.477177+00:00,True,['SPATIAL'],95
95,Wie wird die Oberspule richtig eingefädelt?,"Den Oberfaden in der linken Hand festhalten, mit der rechten Hand das Rad eine volle Umdrehung in Richtung des Nutzers drehen. Die Länge von Ober und Unterfaden mit der Schere auf ca. 15 cm angleichen, danach beide Fäden nach hinten unter dem Nähfuß durchführen.",Einfädeln Oberspule,Abschluss des Einfädelns:,5b21646bdf28a7000166f4dc,2024-06-17T20:22:30.527214+00:00,True,['KNOWLEDGE'],96
96,Wie wird der Faden richtig eingefädelt?,Den Faden mit der einen Hand festhalten und dann das Rad eine volle Umdrehung drehen. Mit einer Schere die Länge des Ober und Unterfadens angleichen.,Einfädeln Oberspule,Abschluss des Einfädelns:,5b21646bdf28a7000166f4dc,2024-06-17T20:24:13.568360+00:00,True,['KNOWLEDGE'],97
97,Wie kann ich den Faden richtig in die Nähmaschine einführen?,Den Oberfaden festhalten und dabei das Handrag in die Richtung des Nutzers drehen. Dadurch wird der Unterfaden nach oben geholt. Mit einer Schere den Ober und Unterfaden auf 15 cm angleichen und danach beide Fäden nach hinten ziehen.,Einfädeln Oberspule,Abschluss des Einfädelns:,5b21646bdf28a7000166f4dc,2024-06-17T20:25:52.055250+00:00,True,['KNOWLEDGE'],98
98,Was kann beim Nähen mit elastischen Stoffen schief gehen?,"Der Stoff kann in die Maschine eingezogen werden, auch der Rückwärtsknopf kann dann nicht mehr helfen.",Elastische Stoffe (Falsch),Vernähen:,5b21646bdf28a7000166f4dc,2024-06-17T20:27:08.224238+00:00,False,,99
99,Wie kann das Nähen von elatischen Stoffen schief gehen?,Wenn man mit dem Nähen beginnt und ausversehen anhält. Dadurch wird der Stoff in die Maschine gezogen.,Elastische Stoffe (Falsch),Vernähen:,5b21646bdf28a7000166f4dc,2024-06-17T20:29:00.483289+00:00,False,,100
100,Kann man den Nähversuch von elastischen Stoffen mit dem Rückwärtsnähknopf retten?,Man kann versuchen den Nähversuch durch den Rückwärtsnähknopf- oder Hebel zu retten.,Elastische Stoffe (Falsch),Vernähen:,5b21646bdf28a7000166f4dc,2024-06-17T20:30:46.359726+00:00,False,,101
101,Wie kann ich das Gewebe gegen Ausfransen sichern?,Man kann es durch Versäubern sichern. Dabei wird der Nähfuß angehoben und der Stoff nach links weggezogen. Danach wird der Faden mit den Fadenschneider an der Maschine abgeschnitten.,Versäubern,Abschluss:,5b21646bdf28a7000166f4dc,2024-06-17T20:34:27.511755+00:00,False,,102
102,Wie versäubere ich meine Näharbeit?,"Zuerst muss man den Nähfuß anheben, danach wird der Stoff weggezogen. Falls der Faden zu kurz ist und der Stoff spannt, sollte das Handrad gedreht werden. Danach wird der Faden abgeschnitten.",Versäubern,Abschluss:,5b21646bdf28a7000166f4dc,2024-06-17T20:35:35.666893+00:00,False,,103
103,Ist das Versäubern schwer?,"Nein, das Versäubern klappt in 3 leichten Schritten. Zuerset wird der Nähfuß angehoben, sodass man den Stoff wegziehen kann. Falls der Faden zu kurz ist kann man das Handrad drehen um dann den Faden abzuschneiden.",Versäubern,Abschluss:,5b21646bdf28a7000166f4dc,2024-06-17T20:36:48.975581+00:00,False,,104
104,Wie kann ich die Oberspule in die Nadel einfädeln?,"Zuerst wird der Nähfuß angehoben, danach wird der Oberfaden abgeschnitten. Der Oberfaden wird dann von vorne nach hinten in die Nadel geführt und dann nach links gezogen.",Einfädeln Oberspule,Einfädeln der Nadel:,5b21646bdf28a7000166f4dc,2024-06-17T20:38:13.060163+00:00,True,"['KNOWLEDGE', 'SPATIAL', 'TEMPORAL']",105
105,"Der Oberfaden muss in die Nadel, wie mache ich das?","Der Nähfuß wird angehoben, anschließend wird der Oberfaden mit der Schere abgeschnitten, damit das Ende nicht so ausgefranst ist. Der Faden wird dann von hinten in das Nadelöhr eingefädelt und zur linken Seite gezogen.",Einfädeln Oberspule,Einfädeln der Nadel:,5b21646bdf28a7000166f4dc,2024-06-17T20:40:06.420280+00:00,True,"['KNOWLEDGE', 'SPATIAL', 'TEMPORAL']",106
106,Wie kann ich einfach den Faden in die Nadel fädeln?,Zuerst wird der Fuß angehoben und dann der Oberfaden von hinten nach vorne in die Nadel eingefädelt. Man muss den Faden durch das Nadelöhr lang ziehen und nach links ziehen.,Einfädeln Oberspule,Einfädeln der Nadel:,5b21646bdf28a7000166f4dc,2024-06-17T20:41:48.652634+00:00,True,"['KNOWLEDGE', 'SPATIAL', 'TEMPORAL']",107
107,WIe nähe ich einen elastischen Stoff?,"Man beginnt mit den Nähen, auf das Vernähen kann verzichtet werden. Genäht wird einfach bis zum Ende.",Elastische Stoffe (Falsch),Nähen:,5b21646bdf28a7000166f4dc,2024-06-17T20:42:57.429104+00:00,True,['KNOWLEDGE'],108
108,Wie funktioniert das Nähen von elastischen Stoffen?,"Zuerst wird das Fußpedal betätigt um mit dem Nähen anzufangen, die Naht wird dann bis zum gewünschten Ende genäht.",Elastische Stoffe (Falsch),Nähen:,5b21646bdf28a7000166f4dc,2024-06-17T20:44:02.038055+00:00,True,['KNOWLEDGE'],109
109,Welche Schritte muss man nehmen um elastischen Stoff zu nähen?,"Zuerst muss man das Fußpedal betätigen um mit dem Nähen anzufangen, der Nahtbeginn muss nicht vernäht werden. Dann wird die Naht bis zum Ende genäht.",Elastische Stoffe (Falsch),Nähen:,5b21646bdf28a7000166f4dc,2024-06-17T20:45:57.858673+00:00,True,"['KNOWLEDGE', 'TEMPORAL']",110
110,Wie lässt sich der Spulvorgang aktivieren?,In dem man den Spulenwickelstift nach rechts drückt.,Aufspulen,Spulvorgang starten: ,60513ec07ee46769ed029be4,2024-06-17T20:50:01.328116+00:00,True,"['KNOWLEDGE', 'SPATIAL']",111
111,"Was muss man tun, um den Faden aufzuspulen?",Man muss das Fußpedal betätigen.,Aufspulen,Spulvorgang starten: ,60513ec07ee46769ed029be4,2024-06-17T20:50:40.380661+00:00,True,['KNOWLEDGE'],112
112,Gilt diese Anleitung so für alle Maschinen?,"Es kann möglicherweise nötig sein, einen zusätzlichen Hebel zu betätigen.",Aufspulen,Spulvorgang starten: ,60513ec07ee46769ed029be4,2024-06-17T20:51:54.686415+00:00,False,,113
113,Auf welche Länge sollten Ober- und Unterfaden angeglichen werden?,15 cm.,Einfädeln Oberspule,Abschluss des Einfädelns:,60513ec07ee46769ed029be4,2024-06-17T20:53:45.302746+00:00,True,"['KNOWLEDGE', 'SPATIAL']",114
114,Was soll man mit dem Handrad machen?,Mit der rechten Hand in Richtung des Benutzers eine volle Umdrehung drehen.,Einfädeln Oberspule,Abschluss des Einfädelns:,60513ec07ee46769ed029be4,2024-06-17T20:54:39.478192+00:00,True,"['KNOWLEDGE', 'SPATIAL']",115
115,"Was passiert, wenn man das Handrad dreht?",Der Unterfaden wird nach oben geholt.,Einfädeln Oberspule,Abschluss des Einfädelns:,60513ec07ee46769ed029be4,2024-06-17T20:55:30.899587+00:00,True,['KNOWLEDGE'],116
116,Welche Stichart soll ausgewählt werden?,Es soll ein Zickzack-Stich gesetzt werden.,Versäubern,Maschineneinstellungen:,60513ec07ee46769ed029be4,2024-06-17T21:03:08.039042+00:00,True,['KNOWLEDGE'],117
117,Welche Breite soll für den Stich gesetzt werden?,Die Stichbreite soll 6 mm betragen.,Versäubern,Maschineneinstellungen:,60513ec07ee46769ed029be4,2024-06-17T21:03:31.145292+00:00,True,['KNOWLEDGE'],118
118,Welche Länge soll der Stich haben?,"Die Stichlänge soll auf ca. 2,5 bis 2 mm eingestellt werden.",Versäubern,Maschineneinstellungen:,60513ec07ee46769ed029be4,2024-06-17T21:04:06.677934+00:00,True,['KNOWLEDGE'],119
119,Wie beginnt man mit dem Nähen?,Das Fußpedal muss betätigt werden.,Elastische Stoffe (Falsch),Nähen:,60513ec07ee46769ed029be4,2024-06-17T21:08:15.957838+00:00,True,['KNOWLEDGE'],120
120,In welche Richtung soll genäht werden?,Vorwärts nähen bis das gewünschte Ende erreicht ist.,Elastische Stoffe (Falsch),Nähen:,60513ec07ee46769ed029be4,2024-06-17T21:09:12.860082+00:00,False,,121
121,Was soll mit dem Nahtbeginn geschehen?,Der Nahtbeginn soll nicht vernäht werden.,Elastische Stoffe (Falsch),Nähen:,60513ec07ee46769ed029be4,2024-06-17T21:11:50.129571+00:00,True,['KNOWLEDGE'],122
122,Was soll mit dem Handrad geschehen?,"Es soll in Richtung des Nutzers gedreht werden, um die Nadel manuell einzustechen.",Elastische Stoffe (Falsch),Vorbereitung (1):,60513ec07ee46769ed029be4,2024-06-17T21:12:51.840078+00:00,True,"['KNOWLEDGE', 'SPATIAL']",123
123,Was soll am Anfang mit dem Nähfuß passieren?,Er soll mit dem Nähfußhebel angehoben werden.,Elastische Stoffe (Falsch),Vorbereitung (1):,60513ec07ee46769ed029be4,2024-06-17T21:16:11.755574+00:00,True,"['KNOWLEDGE', 'TEMPORAL']",124
124,Was muss passieren bevor der Nähfuß abgesenkt wird?,Es gilt den Naht-Startpunkt unter der Nadel auszurichten.,Elastische Stoffe (Falsch),Vorbereitung (1):,60513ec07ee46769ed029be4,2024-06-17T21:17:19.968917+00:00,True,['TEMPORAL'],125
125,Warum verwendet man einen Zickzack-Stich bei Elastischen Stoffen?,um Dehnung zu ermöglichen und damit ein Reißen des Stoffes zu verhindern,Elastische Stoffe (Richtig),Abschluss (1):,5ee7fbc114d0a60f9b076fb6,2024-06-17T21:26:16.240888+00:00,True,['KNOWLEDGE'],126
126,Was kontrolliert die Näherin am Ende es Nähens?,Die Elastizität der Naht.,Elastische Stoffe (Richtig),Abschluss (1):,5ee7fbc114d0a60f9b076fb6,2024-06-17T21:27:36.028651+00:00,True,['PERCEPTION'],127
127,Was ist der erste Schritt nach dem Vernähen des Stoffes?,Das Anheben des Nähfußes gegebenfalls unter Mithilfe des Handrades.,Elastische Stoffe (Richtig),Abschluss (1):,5ee7fbc114d0a60f9b076fb6,2024-06-17T21:29:54.595725+00:00,True,"['KNOWLEDGE', 'TEMPORAL']",128
128,In welche Richtung muss die Näherin das Handrad vor Beginn des Nähens drehen?,"Zu sich her, im Gegenuhrzeigersinn.",Geradeausstich,Vorbereitung:,5ee7fbc114d0a60f9b076fb6,2024-06-17T21:32:14.294864+00:00,True,"['KNOWLEDGE', 'SPATIAL']",129
129,Wozu benötigt man den Nähfußhebel vor Beginn des Geradeausstiches?,Um den Nähfuß abzusenken.,Geradeausstich,Vorbereitung:,5ee7fbc114d0a60f9b076fb6,2024-06-17T21:33:03.589310+00:00,False,,130
130,Welcher Rand ergibt sich bei einer Ausrichtung des Probestückes für den Geradeausstich an der Rechten Seite des Nähfußes?,"Eine Breite von 7,5mm",Geradeausstich,Vorbereitung:,5ee7fbc114d0a60f9b076fb6,2024-06-17T21:35:23.313996+00:00,True,"['KNOWLEDGE', 'SPATIAL']",131
131,Wann sollte man die Fadenspannung am Fadenspannungseinstellrad verändern?,Lediglich wenn man ohne Korrektur eine schlechte Stichqualität feststellt.,Geradeausstich,Maschineneinstellungen:,5ee7fbc114d0a60f9b076fb6,2024-06-17T21:37:39.590959+00:00,True,['KNOWLEDGE'],132
132,Was sind die Standardeinstellungen bei einem Geradeausstich?,"Strichart an Stichauswahlrad auf Geradeaus-Stich, Stichbreite am Strichbreiteneinstellrad auf 0mm, Stichlänge in Abhängigkeit des Stoffes auf 3,0 oder 2,5mm sowie die Nadelposition am Nadelpositionierungseinstellrad auf ""mittig"".",Geradeausstich,Maschineneinstellungen:,5ee7fbc114d0a60f9b076fb6,2024-06-17T21:40:42.006449+00:00,True,['KNOWLEDGE'],133
133,Wo stelle ich den Geradeausstich bei der Maschine ein?,an dem Stichauswahlrad.,Geradeausstich,Maschineneinstellungen:,5ee7fbc114d0a60f9b076fb6,2024-06-17T21:42:03.940699+00:00,True,['KNOWLEDGE'],134
134,Wo befindet sich der Nähfußhebel vor Beginn des Vernähens?,"er ist angehoben, um zu ermöglichen, dass der Stoff darunter positioniert werden kann.",Elastische Stoffe (Richtig),Vorbereitung (1):,5ee7fbc114d0a60f9b076fb6,2024-06-17T21:43:50.469752+00:00,False,,135
135,Wie wird die Nadel erstmalig in den Stoff eingetaucht?,Mittels drehens des Handrades zum Nutzer hin / in Gegenuhrzeigersinn.,Elastische Stoffe (Richtig),Vorbereitung (1):,5ee7fbc114d0a60f9b076fb6,2024-06-17T21:45:02.879831+00:00,True,"['KNOWLEDGE', 'SPATIAL']",136
136,Wei definiert sich der Startpunkt der Naht?,Durch ein manuelles Positionieren des Srtoffes direkt unter der Nadel.,Elastische Stoffe (Richtig),Vorbereitung (1):,5ee7fbc114d0a60f9b076fb6,2024-06-17T21:46:01.508336+00:00,False,,137
137,Wo befindet sich die Unterspule?,Im Anschiebetisch unterhalb des Nähfußes.,Einfädeln Unterspule,Entfernung der Spulenabdeckung:,5ee7fbc114d0a60f9b076fb6,2024-06-17T21:50:35.459863+00:00,True,"['PERCEPTION', 'SPATIAL']",138
138,Wie öffne ich die Spulenabdeckung?,Durch ein entriegeln mittels des vorhandenen Hebels.,Einfädeln Unterspule,Entfernung der Spulenabdeckung:,5ee7fbc114d0a60f9b076fb6,2024-06-17T21:51:15.678359+00:00,True,['KNOWLEDGE'],139
139,Wo muss ich die Unterspule einlegen?,"In den Spulenkorb, der sich unter der Spulenabdeckung befindet.",Einfädeln Unterspule,Entfernung der Spulenabdeckung:,5ee7fbc114d0a60f9b076fb6,2024-06-17T21:52:14.293643+00:00,True,"['KNOWLEDGE', 'SPATIAL']",140
140,In welche Richtung muss das Handrad gedreht werden um die Nadel manuell in den Stoff einzustechen?,Das Handrad muss in Nutzerrichtung gedreht werden.,Elastische Stoffe (Richtig),Vorbereitung (2):,615452aaabb932ada88ef3ca,2024-06-17T22:03:00.324792+00:00,True,"['KNOWLEDGE', 'SPATIAL']",141
141,Wie wird der Nähfuß abgesenkt?,Der Nähfuß wird mithilfe des Nähfußhebels abgesenkt.,Elastische Stoffe (Richtig),Vorbereitung (2):,615452aaabb932ada88ef3ca,2024-06-17T22:03:52.871745+00:00,True,['KNOWLEDGE'],142
142,Mit welchem abstand muss die bereits genähte Naht vor dem Nahtende unter der Nadel positioniert werden?,Mit 1 cm abstand.,Elastische Stoffe (Richtig),Vorbereitung (2):,615452aaabb932ada88ef3ca,2024-06-17T22:04:38.234061+00:00,True,"['KNOWLEDGE', 'SPATIAL']",143
143,Was muss ich tun wenn der Stoff spannt?,Am Handrad drehen.,Geradeausstich,Abschluss:,615452aaabb932ada88ef3ca,2024-06-17T22:06:10.421865+00:00,True,['KNOWLEDGE'],144
144,Womit kann ich die Fäden abschneiden?,Mit dem integrierten Fadenschneider der Maschine oder mit einer Schere.,Geradeausstich,Abschluss:,615452aaabb932ada88ef3ca,2024-06-17T22:07:17.505060+00:00,True,['KNOWLEDGE'],145
145,In welche Richtung ziehe ich den stoff weg?,Zur linken seite.,Geradeausstich,Abschluss:,615452aaabb932ada88ef3ca,2024-06-17T22:07:43.629079+00:00,True,['SPATIAL'],146
146,An welcher Seite des Nähfußes muss ich meinen Stoff ausrichten?,Der rechten Seite,Geradeausstich,Vorbereitung:,615452aaabb932ada88ef3ca,2024-06-17T22:09:35.218073+00:00,True,['SPATIAL'],147
147,Wie führe ich die Nadel manuell in den Stoff ein?,Mithilfe des Handrads kann die Nadel manuell eingeführt werden.,Geradeausstich,Vorbereitung:,615452aaabb932ada88ef3ca,2024-06-17T22:17:35.555099+00:00,True,['KNOWLEDGE'],148
148,Wo platziere ich den Nahtbeginn?,Direkt unter der Nadel.,Geradeausstich,Vorbereitung:,615452aaabb932ada88ef3ca,2024-06-17T22:18:05.543889+00:00,True,"['KNOWLEDGE', 'SPATIAL']",149
149,Welchen Stich sollte ich für Elastische Stoffe verwenden?,Einen Zickzack-Stich.,Elastische Stoffe (Richtig),Abschluss (1):,615452aaabb932ada88ef3ca,2024-06-17T22:18:47.728082+00:00,True,['KNOWLEDGE'],150
150,Was sind die Vorteile eines Zickzack-Stich bei elastischen Stoffen?,Der Zickzack Stich verhindert das die Naht reißt und erlaubt es das der Stoff weiterhin Dehnbar bleibt.,Elastische Stoffe (Richtig),Abschluss (1):,615452aaabb932ada88ef3ca,2024-06-17T22:19:40.237885+00:00,True,['KNOWLEDGE'],151
151,Wo befindet sich der integrierte Fadenschneider der Maschine?,Linksaußen am Kopf der Maschine.,Elastische Stoffe (Richtig),Abschluss (1):,615452aaabb932ada88ef3ca,2024-06-17T22:20:31.292620+00:00,True,"['KNOWLEDGE', 'SPATIAL']",152
152,Wie beginne ich mit dem Nähen?,Durch betätigen des Fußpedals.,Elastische Stoffe (Richtig),Vernähen:,615452aaabb932ada88ef3ca,2024-06-17T22:21:02.955439+00:00,True,['KNOWLEDGE'],153
153,Wie sichere ich die Naht?,Ein mal bis zum Ende vorwärts nähen.,Elastische Stoffe (Richtig),Vernähen:,615452aaabb932ada88ef3ca,2024-06-17T22:21:24.173118+00:00,True,['KNOWLEDGE'],154
154,Welche Farbe hat der Stoff in dem Video?,Der Stoff ist blau.,Elastische Stoffe (Richtig),Vernähen:,615452aaabb932ada88ef3ca,2024-06-17T22:22:34.552214+00:00,True,['PERCEPTION'],155
